"","0","2","4","6","8","10","12","14","16","18","20","22","24","26","28","30","32","34","36","38","40","42","44","46","48","50","52","54","56","58","60","62","64","66","68","70","72","74","76","78","80","82","84","86","88","90","92","94","96","98","100","102","104","106","108","110","112","114","116","118","120","122","124","126","128","130","132","134","136","138","140","142","144","146","148","150","152","154","156","158","160","162","164","166","168","170","172","174","176","178","180","182","184","186","188","190","192","194","196","198","200"
"0",0,0,0.26,4.38,11.57,17.82,24.89,31.85,36.68,40.73,46.04,49.35,53.88,57.09,59.55,62.1,64.24,66.37,70.15,71.54,73.44,74.29,76.58,77.77,78.8,80.49,81.39,82.56,83.69,84.41,84.6,86.39,87.03,87.71,88.28,89.19,89.03,90.02,91.19,91.46,91.51,92.67,92.6,93,93.42,93.7,93.89,94.17,94.44,94.68,95.08,95.52,95.76,96.06,95.88,96.27,96.62,96.57,96.91,97.2,97.31,97.34,97.34,97.32,97.66,97.78,97.89,98.03,98.23,98.3,98.21,98.5,98.69,98.66,98.65,98.67,98.7,98.78,98.96,98.94,98.94,98.91,99.13,99.17,99.02,99.28,99.36,99.39,99.24,99.25,99.32,99.39,99.37,99.34,99.53,99.4,99.44,99.63,99.53,99.57,99.61
"2",0,0.24,4.6,11.99,18.92,25.63,32.16,36.63,42.01,45.73,49.96,53.92,57.93,59.51,62.44,65.14,66.98,69.77,71.33,72.06,74.71,76.57,77.29,78.64,79.84,81.45,83.06,83.28,83.99,84.65,86.86,87.15,87.89,88.51,89.48,89.69,90.19,90.21,91.11,91.64,92.38,92.56,92.3,93.6,94.1,93.83,94.22,94.55,94.76,94.9,95.39,95.73,95.94,95.96,96.45,96.65,96.63,97.13,97.3,97.12,97.39,97.7,97.75,97.72,97.78,97.85,98.03,98.16,98.23,98.19,98.47,98.31,98.58,98.57,98.78,98.68,98.75,98.88,99.05,98.69,99.05,98.98,99.12,99.12,99.25,99.21,99.32,99.24,99.45,99.32,99.43,99.42,99.45,99.38,99.41,99.61,99.66,99.6,99.61,99.64,99.65
"4",0.26,4.94,12.05,18.31,25.05,31.74,36.61,41.29,45.97,50.25,52.95,57.01,59.94,62.9,64.87,67.91,70.03,70.68,73.46,74.72,76.07,78.06,78.59,79.85,81.37,82.22,83.42,84.1,85.95,86.45,87.05,88.29,88.49,88.39,89.94,90.02,90.67,90.91,91.63,91.89,92.62,92.78,93.22,93.87,93.96,94.52,94.64,94.51,95.57,95.66,95.59,95.77,95.69,95.93,96.28,96.9,96.84,96.96,97.48,97.49,97.52,97.74,97.62,97.72,97.87,98.05,98,98.24,98.38,98.4,98.21,98.46,98.89,98.43,98.76,98.61,98.82,98.93,98.82,98.97,99.07,99.14,99.04,99.21,99.24,99.27,99.31,99.17,99.37,99.32,99.4,99.44,99.44,99.59,99.5,99.66,99.55,99.54,99.67,99.56,99.62
"6",4.71,12.04,18.7,25.52,31.7,36.62,41.88,46.17,50.62,53.48,57.06,59.84,62.91,65.08,67.12,69.6,70.76,72.4,74.55,76.82,77.33,78.97,80.43,81.42,82.54,83.58,85.42,85.87,85.98,87.25,87.9,88.46,89.2,89.5,90.27,90.86,90.89,91.38,91.88,92.47,92.95,93.26,93.71,93.75,94.77,94.75,94.72,95.05,95.26,95.73,95.54,96.05,95.94,96.62,96.61,96.66,96.78,96.79,97.17,97.09,97.73,97.68,97.93,97.74,98.17,98.28,98.23,98.51,98.66,98.7,98.6,98.87,98.66,98.84,98.91,98.79,98.83,99.03,99.13,99.13,99.05,99.09,99.3,99.2,99.09,99.23,99.33,99.44,99.45,99.39,99.48,99.55,99.72,99.59,99.56,99.58,99.57,99.53,99.54,99.56,99.7
"8",12.08,19.4,25.32,31.46,37.05,42.13,45.34,51.09,54.01,57.23,59.47,63.3,65.21,66.75,69.72,71.55,72.89,74.77,76.26,77.43,78.28,80.47,81.58,82.72,83.56,84.28,85.89,85.55,86.82,88.01,88.9,89.01,89.93,90.22,90.86,91.1,91.42,91.6,92.67,93.05,93.39,93.84,94.03,94.28,94.9,94.86,95.54,95.29,95.81,95.67,96.22,96.11,96.66,96.81,96.97,97.08,97.37,97.2,97.39,97.49,97.89,97.8,98,98.1,97.96,98.27,98.45,98.61,98.57,98.48,98.71,98.75,98.65,99.01,98.79,98.95,99.06,99.17,99.09,99.29,99.24,99.18,99.1,99.44,99.3,99.3,99.46,99.33,99.42,99.41,99.52,99.42,99.34,99.65,99.59,99.7,99.67,99.53,99.7,99.64,99.67
"10",19.76,25.84,31.83,37.72,42.15,47.48,49.97,53.42,56.54,59.41,62.37,64.95,67.63,68.41,71.21,73.16,74.48,76.74,77.49,79.42,80.45,82.29,82.62,83.37,84.8,85.75,86.04,87.26,87.51,88.3,89.08,89.59,90.47,90.83,91.16,91.33,92.41,92.71,93.65,93.36,93.61,93.71,94.26,94.53,94.74,94.82,95.19,95.55,96,96.12,95.97,96.32,96.75,96.5,97.41,96.94,97.35,97.24,97.6,97.79,97.75,97.69,98.06,98.3,97.92,98.07,98.48,98.31,98.42,98.66,98.61,98.66,98.76,98.7,99.03,98.92,99.15,99.14,99.15,99.22,99.27,99.29,99.2,99.36,99.51,99.35,99.32,99.55,99.41,99.52,99.39,99.51,99.44,99.62,99.63,99.61,99.62,99.65,99.68,99.66,99.69
"12",26.12,31.85,37.65,41.58,46.32,50.09,53.75,57.56,59.51,63.18,65.08,67.58,70.37,71,72.99,75.13,76.48,76.77,80.06,80.57,81.4,82.74,83.89,84.54,85.67,85.99,87.17,87.42,88.79,89.08,89.47,90.29,90.88,90.93,91.37,91.99,92.3,92.89,93.55,93.85,94.39,94.61,94.54,94.9,95.06,95.23,95.63,95.82,96.52,96.45,96.64,96.67,96.9,97.03,97.13,97.52,97.43,97.56,97.71,97.69,97.96,97.72,98.15,98.31,98.53,98.66,98.67,98.7,98.86,98.7,98.88,98.72,99.08,98.9,99.07,99.04,98.98,99.14,99.1,99.12,99.38,99.22,99.22,99.35,99.34,99.55,99.28,99.52,99.4,99.55,99.55,99.49,99.54,99.67,99.75,99.53,99.49,99.69,99.68,99.73,99.8
"14",32.01,36.97,42.1,47,50.54,54.32,57.48,60.29,62.38,64.99,67.29,69.97,70.54,72.95,74.86,76.13,78.14,79.02,80.65,81.82,82.11,83.02,84.65,85.08,86.09,86.81,87.78,88.35,88.85,89.35,90.39,91.07,91.07,91.69,92.23,92.78,93.1,93.83,93.66,94.22,94.43,94.55,94.88,95.42,95.85,95.79,95.99,95.94,96.12,96.6,96.39,96.81,96.86,97.03,97.34,97.33,97.53,97.79,98.03,97.79,98.19,98.28,98.16,98.34,98.22,98.7,98.59,98.72,98.64,98.83,98.89,98.66,98.96,98.95,98.86,98.86,99.13,99.12,99.19,99.23,99.35,99.34,99.47,99.4,99.49,99.53,99.47,99.52,99.54,99.64,99.59,99.54,99.59,99.65,99.68,99.65,99.69,99.63,99.73,99.8,99.73
"16",37.69,42.63,46.9,50.29,54.19,57.62,60.12,63.2,66.24,67.17,69.19,71.82,74.01,74.74,76.07,78.27,79.64,80.38,81.23,82.94,83.02,84.26,85.52,86.66,86.91,87.57,88.32,89.25,89.7,90.09,91.27,91.7,91.38,91.73,93.06,93.14,93.35,93.35,94.44,94.59,95.11,94.74,95.11,95.36,95.91,95.97,96.26,96.17,96.38,96.6,96.83,96.82,96.9,97.43,97.44,97.47,97.37,97.83,97.93,97.95,98.2,98.38,98.12,98.43,98.37,98.41,98.5,98.7,98.43,98.7,98.81,98.87,98.98,99.09,99.02,99.13,99.23,99.18,99.36,99.14,99.49,99.33,99.33,99.48,99.42,99.47,99.54,99.51,99.53,99.46,99.53,99.51,99.46,99.67,99.69,99.62,99.68,99.85,99.69,99.68,99.78
"18",41.9,47.3,50.73,54.12,56.23,60.48,63.19,64.66,67.14,70.22,70.65,74.52,75.25,76.76,78.28,79.35,80.85,82.23,82.72,83.36,84.86,85.75,85.86,87.49,88.09,88.65,89.45,89.31,90.48,91.1,91.18,91.71,92.14,92.36,92.67,93.33,93.21,94.55,94.53,94.37,95.47,94.99,95.49,95.89,95.96,96.28,96.4,96.52,96.82,96.93,96.81,96.94,97.25,97.35,97.61,97.4,97.77,98.05,97.87,98.17,98.2,98.41,98.39,98.55,98.37,98.62,98.77,98.84,98.84,98.86,98.82,98.84,99.02,99.13,99.35,99.18,99.06,99.25,99.14,99.24,99.45,99.36,99.44,99.46,99.57,99.49,99.56,99.57,99.58,99.8,99.51,99.57,99.57,99.62,99.55,99.71,99.7,99.66,99.75,99.81,99.65
"20",46.84,50.89,54.25,57.1,60.89,63.53,65.81,67.61,69.27,71.01,72.95,74.6,77.03,78.26,79.57,80.59,81.6,82.35,83.54,84.22,85.41,86.19,87.46,87.91,88.91,89.46,88.95,90.14,90.68,91.12,91.43,92.27,92.41,93.4,92.93,93.71,93.91,94.37,94.76,94.73,95.2,95.29,95.79,95.76,96.29,96.38,96.67,96.79,96.91,97.24,97.28,97.28,97.31,97.23,97.86,97.67,98.11,98.07,98.22,98.09,98.23,98.48,98.69,98.51,98.46,98.49,98.63,98.81,98.86,99.03,98.91,99.16,99.14,99.13,99.36,99.2,99.25,99.27,99.34,99.54,99.42,99.35,99.41,99.56,99.41,99.42,99.5,99.56,99.63,99.63,99.56,99.63,99.69,99.74,99.67,99.79,99.73,99.79,99.75,99.81,99.83
"22",50.54,53.17,57.41,60.17,62.27,65.04,67.59,69.14,71.45,72.57,74.82,77.09,78.35,79.51,80.3,82.04,82.87,82.97,84.88,85.13,86.02,87.35,87.69,88.27,89.16,89.64,89.81,91.01,91.07,91.57,92.35,93.46,93.3,93.38,93.78,93.92,94.4,94.46,94.74,95.3,95.57,95.68,96.08,96.15,96.38,96.58,96.63,96.74,97.19,97.15,97.14,97.46,97.58,97.49,97.7,98.19,97.96,97.98,98.35,98.43,98.38,98.6,98.6,98.44,98.66,98.61,98.83,98.94,98.9,98.85,99.14,99.09,99.13,99.1,99.28,99.38,99.33,99.37,99.4,99.46,99.39,99.45,99.64,99.61,99.6,99.49,99.47,99.63,99.6,99.71,99.54,99.6,99.69,99.68,99.79,99.72,99.73,99.76,99.77,99.81,99.76
"24",53.8,57.95,60.32,63.25,65.45,67.09,69.62,71.87,73.92,75.4,75.32,78.56,79.08,79.67,81.63,82.87,83.64,84.51,85.6,86.48,87,87.7,88.37,89.01,89.89,90.24,90.52,91.18,91.76,92.45,92.42,93.06,93.15,93.67,93.93,94.04,94.57,94.93,95.2,95.89,95.85,96.13,95.8,96.63,96.75,96.41,96.87,96.9,97.2,97.34,97.56,97.47,97.66,97.92,97.7,98.24,98.04,98.27,98.2,98.42,98.48,98.59,98.59,98.64,98.86,98.95,98.71,99.23,98.9,99.11,99.12,99.1,99.24,99.22,99.35,99.24,99.41,99.37,99.39,99.34,99.5,99.43,99.45,99.38,99.67,99.61,99.64,99.79,99.49,99.6,99.76,99.77,99.71,99.77,99.62,99.69,99.8,99.74,99.83,99.86,99.83
"26",57.73,61.04,62.99,65.08,68.2,69.36,71.6,74.17,74.9,77.24,77.74,79.96,80.66,82.51,82.51,83.66,85.04,85.72,86.91,87.47,88.23,88.56,88.81,89.47,90.41,91.14,90.82,91.24,92.45,92.8,93,93.03,93.61,93.92,94.54,94.9,94.97,95.12,95.45,95.6,96.05,95.75,96.29,96.73,97.02,97.01,97.07,97.07,97.17,97.5,97.62,97.6,97.92,97.91,97.88,98.04,98.38,98.24,98.55,98.55,98.45,98.55,98.62,98.58,98.94,98.77,99.09,98.98,99.11,99.18,98.94,99.32,99.28,99.25,99.16,99.3,99.33,99.43,99.48,99.39,99.45,99.53,99.51,99.53,99.59,99.62,99.62,99.51,99.64,99.69,99.66,99.68,99.68,99.77,99.68,99.71,99.77,99.84,99.81,99.77,99.78
"28",60.58,62.69,65.6,66.84,70.27,71.24,72.96,75.45,76.92,77.69,79.21,80.15,81.43,82.6,83.34,84.75,85.87,86.8,86.73,88.2,88.59,89.01,89.47,90.23,90.96,90.76,91.74,91.98,92.98,92.96,94.02,93.23,94.02,94.26,94.93,95.07,95.15,95.32,95.57,96.08,96.22,96.31,96.72,96.78,96.72,96.95,97.13,97.24,97.47,97.72,97.81,98.09,98.17,97.98,98.01,98.14,98.06,98.67,98.3,98.65,98.53,98.72,98.79,98.85,99.02,98.83,98.82,99.06,99.14,99.04,99.24,99.17,99.19,99.14,99.24,99.45,99.27,99.25,99.48,99.47,99.49,99.57,99.48,99.67,99.54,99.75,99.49,99.67,99.62,99.71,99.72,99.65,99.7,99.77,99.67,99.74,99.76,99.73,99.76,99.82,99.82
"30",63.12,65.72,68.33,69.59,71.17,73.79,75.33,76.46,77.81,79.42,80.68,81.36,83.11,83.64,85.06,85.45,86.4,86.82,87.79,88.67,89.57,89.41,90.38,91.16,91.15,91.62,92.29,93.04,92.95,93.16,93.85,93.93,94.31,94.88,94.71,95.46,96.01,95.38,95.86,96.11,96.23,96.96,96.84,96.95,97.07,97.1,97.41,97.23,97.37,97.59,97.91,97.94,97.86,98.06,98.18,98.35,98.08,98.49,98.45,98.62,98.74,98.79,98.87,98.78,98.94,99.03,99.07,99.01,99.05,99.31,99.05,99.27,99.38,99.39,99.39,99.43,99.21,99.48,99.39,99.41,99.53,99.63,99.49,99.65,99.62,99.59,99.66,99.67,99.64,99.69,99.71,99.69,99.71,99.72,99.75,99.83,99.76,99.84,99.82,99.79,99.84
"32",65.91,67.46,68.99,72.3,73.52,74.47,76.06,78.38,79.72,80.64,81.54,82.89,83.69,85.32,85.19,86.7,87.78,87.91,88.62,89.1,90.3,90.3,90.51,91.44,91.4,91.99,92.88,93.42,93.21,93.34,94.11,94.25,94.96,95.47,95.2,95.2,95.82,96.1,96.22,96.45,96.79,96.71,96.7,97.01,96.9,97.14,97.46,97.72,97.64,97.68,97.9,97.81,98.46,98.22,98.18,98.61,98.43,98.48,98.5,98.76,98.84,98.69,98.95,98.88,98.9,99.02,99,99.18,99.15,99.17,99.22,99.35,99.24,99.29,99.47,99.49,99.51,99.42,99.52,99.51,99.5,99.56,99.57,99.55,99.63,99.7,99.62,99.75,99.63,99.75,99.69,99.74,99.69,99.73,99.75,99.81,99.71,99.84,99.83,99.78,99.81
"34",68.5,69.72,71.52,74.06,75.56,77.03,78.52,79.72,80.69,80.85,82.38,84.09,84.9,86.04,86.75,86.81,87.98,88.89,89.3,89.73,90.26,90.87,91.09,91.91,92.18,92.89,93.1,93.36,93.52,94.55,94.35,94.87,94.86,95.34,95.49,95.93,96.08,95.87,96.36,96.86,96.8,96.94,96.96,96.96,97.15,97.52,97.5,97.63,97.81,97.96,98.03,98.27,98.16,98.21,98.34,98.6,98.57,98.54,98.6,98.84,98.91,98.9,98.94,99.06,98.82,99.24,99.11,99.18,99.2,99.14,99.25,99.19,99.35,99.36,99.39,99.36,99.54,99.39,99.47,99.59,99.67,99.61,99.59,99.67,99.59,99.59,99.65,99.77,99.72,99.64,99.71,99.7,99.74,99.66,99.76,99.76,99.79,99.84,99.86,99.81,99.83
"36",70.22,71.98,73.16,75.28,77.46,78.21,79.62,80.75,81.94,82.89,83.74,85.11,85.84,87.07,86.85,88.01,88.91,88.94,90.17,89.86,91.07,91.49,92.15,92.1,92.73,93.11,93.48,93.51,94.28,94.16,94.55,94.85,95.29,95.63,95.76,95.94,95.95,96.62,96.55,96.73,96.62,97.15,97.3,97.28,97.53,97.71,97.59,97.63,98.18,97.79,98.12,98.28,98.14,98.41,98.72,98.44,98.5,98.62,98.63,98.89,98.84,99.03,98.92,99.06,99,99.03,99.11,99.35,99.49,99.12,99.32,99.37,99.37,99.5,99.46,99.47,99.38,99.53,99.42,99.54,99.62,99.41,99.69,99.67,99.67,99.67,99.67,99.73,99.71,99.76,99.74,99.77,99.73,99.74,99.83,99.84,99.82,99.89,99.88,99.86,99.83
"38",72.13,73.18,74.66,76.23,78.6,79.17,80.33,81.39,82.74,84.06,85.01,85.29,86.67,87.31,87.76,88.72,88.97,89.82,90.33,91.12,91.21,91.93,92.12,92.57,93.39,93.47,93.97,94.29,94.15,94.85,94.91,95.61,95.35,95.94,96.26,96.15,96.12,96.88,96.87,96.85,97.12,97.32,96.89,97.58,97.62,97.88,97.82,97.82,98.31,97.9,98.27,98.41,98.37,98.36,98.44,98.87,98.56,98.89,98.77,98.87,98.77,99.02,99.11,99,98.97,99.04,99.21,99.19,99.34,99.42,99.4,99.34,99.41,99.49,99.48,99.57,99.52,99.49,99.56,99.66,99.56,99.6,99.65,99.71,99.57,99.66,99.71,99.69,99.7,99.79,99.83,99.74,99.71,99.79,99.82,99.84,99.75,99.78,99.81,99.88,99.8
"40",73.91,75.39,76.48,79.22,79.39,80.86,81.7,83.03,83.29,84.14,84.99,85.82,87.12,87.81,88.48,89.01,89.82,89.78,90.76,91.01,91.88,92.27,93.01,92.69,93.77,94.01,93.69,94.16,94.66,94.73,95.71,95.3,96.03,95.92,95.92,96.48,96.35,96.66,96.76,96.79,97.35,97.12,97.58,97.77,97.63,97.96,98.05,97.76,98.21,98.02,98.37,98.5,98.39,98.6,98.68,98.52,98.67,98.8,98.79,99.06,99.05,98.91,99.01,99.17,99.23,99.09,99.39,99.19,99.38,99.22,99.41,99.39,99.46,99.36,99.46,99.61,99.53,99.53,99.48,99.66,99.7,99.58,99.67,99.66,99.74,99.56,99.79,99.71,99.81,99.78,99.82,99.84,99.68,99.86,99.81,99.85,99.81,99.89,99.82,99.9,99.86
"42",75.53,76.74,77.49,80.17,80.87,82.12,82.87,83.34,84.75,85.29,86.6,86.73,88.65,88.77,88.7,89.87,90,90.5,91.5,91.37,92.15,93.32,93.09,93.25,94.24,94.1,94.36,94.49,94.99,95.06,95.67,95.92,95.83,96.06,95.99,96.27,96.47,96.54,96.88,97.2,97.21,97.33,97.53,97.8,97.76,97.9,98.05,97.9,98.25,98.3,98.37,98.36,98.5,98.42,98.56,98.89,98.84,98.78,98.88,99.07,98.97,99.23,99.11,99.21,99.17,99.27,99.4,99.31,99.43,99.34,99.32,99.54,99.36,99.49,99.59,99.49,99.65,99.53,99.56,99.51,99.7,99.77,99.57,99.73,99.71,99.74,99.67,99.78,99.8,99.79,99.71,99.85,99.82,99.86,99.89,99.75,99.84,99.88,99.76,99.88,99.88
"44",77.14,78.12,79.77,80.86,81.7,82.83,83.11,84.98,85.13,85.93,87.19,87.7,88.29,89.63,89.84,90.51,90.79,91.72,91.42,92.27,92.24,93.3,93.66,93.5,93.97,94.34,94.45,94.95,95.29,95.39,95.88,95.96,96.09,96.21,96.45,96.74,96.84,96.97,97.41,97.68,97.35,97.77,97.74,97.97,98.03,98.24,98.01,98.33,98.22,98.35,98.4,98.31,98.72,98.6,98.57,98.89,98.78,98.84,98.98,99.22,99.1,99.16,99.23,99.3,99.26,99.13,99.32,99.33,99.4,99.43,99.4,99.47,99.41,99.45,99.5,99.63,99.64,99.57,99.68,99.49,99.76,99.67,99.68,99.66,99.78,99.75,99.75,99.87,99.77,99.76,99.73,99.81,99.84,99.88,99.89,99.86,99.77,99.85,99.88,99.91,99.9
"46",78.73,79.02,80.61,81.1,82.94,84.01,85.01,85.8,86.4,87.35,88.14,88.37,89.01,89.96,90.27,90.32,91.81,92.01,91.94,93.05,93.47,93.59,93.65,94.07,94.43,94.82,94.46,94.98,95.48,95.85,96.02,96.12,96.22,96.81,96.7,96.97,96.96,97.37,97.42,97.39,97.65,97.72,98.05,98.06,98.02,98.21,98.24,98.25,98.61,98.43,98.55,98.53,98.68,98.71,98.86,98.98,99.02,98.88,99.07,99.06,99.22,99.18,99.17,99.18,99.26,99.32,99.45,99.39,99.45,99.59,99.52,99.47,99.55,99.57,99.55,99.69,99.5,99.55,99.67,99.57,99.6,99.58,99.68,99.66,99.65,99.72,99.86,99.76,99.82,99.84,99.81,99.78,99.79,99.76,99.88,99.89,99.85,99.86,99.86,99.9,99.88
"48",79.99,81.04,81.94,82.55,83.42,84.91,86.07,86.15,87.35,88.38,88.69,88.92,89.15,90.51,91.01,91.45,91.8,92.4,92.59,92.48,93.62,94.24,94.1,94.51,94.79,95.28,95.41,95.33,95.9,96.07,95.78,96.28,96.84,96.7,96.88,97.19,97.35,97.1,96.97,97.65,97.46,97.72,98.01,98.01,98.2,98.36,98.37,98.45,98.63,98.5,98.49,98.64,98.77,98.83,98.95,98.8,98.88,99.08,99.14,99,99.35,99.11,99.26,99.28,99.31,99.33,99.22,99.5,99.54,99.5,99.58,99.59,99.52,99.55,99.63,99.65,99.65,99.62,99.72,99.76,99.69,99.67,99.67,99.73,99.83,99.75,99.76,99.86,99.9,99.84,99.81,99.84,99.86,99.83,99.82,99.76,99.82,99.91,99.87,99.86,99.88
"50",80.58,81.87,82.94,84.68,84.91,85.52,87.47,87.79,87.94,88.84,89.03,89.81,90.28,91.21,91.39,91.72,92.44,92.57,93.22,93.51,93.93,94.66,94.66,94.51,95.09,94.82,95.51,95.99,95.75,95.92,96.51,96.6,96.95,96.64,97.15,97.04,97.37,97.47,97.66,97.64,97.61,97.7,97.82,98.48,98.39,98.1,98.44,98.65,98.42,98.51,98.58,98.97,98.75,98.97,98.99,98.88,98.89,99.04,99.27,99.18,99.17,99.3,99.32,99.3,99.43,99.48,99.37,99.34,99.43,99.6,99.6,99.47,99.47,99.52,99.66,99.57,99.67,99.68,99.71,99.7,99.67,99.7,99.74,99.77,99.7,99.76,99.9,99.78,99.82,99.81,99.85,99.83,99.79,99.82,99.89,99.8,99.88,99.87,99.88,99.88,99.89
"52",82.17,82.4,84.49,84.59,85.59,86.31,87.22,87.82,88.6,89.29,90.02,90.46,91.58,91.64,91.99,93.01,92.74,92.73,93.92,93.65,94.08,94.66,94.54,95.2,95.5,95.64,95.75,95.83,96.45,96.51,96.56,96.86,96.85,96.82,97.1,97.28,97.44,97.79,97.57,97.76,97.91,97.9,98.01,98.38,98.22,98.62,98.67,98.6,98.72,98.88,98.77,98.69,98.66,98.74,99,99.04,98.91,99.26,99.03,99.18,99.2,99.32,99.3,99.37,99.41,99.39,99.3,99.56,99.54,99.67,99.51,99.57,99.61,99.74,99.71,99.59,99.68,99.67,99.74,99.65,99.78,99.71,99.78,99.76,99.75,99.83,99.8,99.79,99.79,99.82,99.86,99.86,99.82,99.86,99.85,99.86,99.86,99.91,99.87,99.89,99.83
"54",82.84,84.64,84.99,85.81,86.51,87.42,87.67,88.48,89.26,89.44,91.19,91.28,91.68,91.7,92.42,92.08,93.14,93.56,93.68,94.15,94.58,94.57,94.87,95.48,95.42,95.31,96.27,95.86,96.27,96.86,96.98,97.13,96.9,96.92,97.22,97.47,97.65,97.63,97.73,97.95,98.08,98.13,98.16,98.29,98.56,98.46,98.71,98.71,98.67,98.81,98.71,98.86,98.92,98.99,98.99,99.1,99.03,99.19,99.32,99.43,99.33,99.4,99.41,99.57,99.34,99.49,99.54,99.42,99.53,99.54,99.69,99.65,99.68,99.7,99.62,99.6,99.67,99.63,99.77,99.77,99.7,99.7,99.79,99.68,99.76,99.82,99.73,99.83,99.84,99.82,99.79,99.83,99.76,99.86,99.88,99.87,99.8,99.93,99.92,99.91,99.83
"56",84.04,84.96,85.8,86.49,86.9,87.63,88.6,88.93,90.22,90.84,91.14,91.3,91.91,92.48,92.62,93.32,93.61,94.05,94.1,94.58,94.76,94.92,95.3,95.4,96.29,96.45,95.84,96.44,96.72,96.86,97.12,97.09,97.28,97.49,97.44,97.68,97.88,97.71,98.04,98.15,98.25,98.24,98.12,98.24,98.58,98.62,98.61,98.68,98.81,98.9,98.83,98.83,98.75,98.98,99.14,99.34,98.96,99.12,99.39,99.36,99.47,99.3,99.46,99.3,99.34,99.52,99.47,99.59,99.5,99.55,99.57,99.65,99.66,99.72,99.67,99.64,99.8,99.57,99.66,99.78,99.75,99.74,99.73,99.79,99.73,99.8,99.85,99.82,99.91,99.83,99.87,99.9,99.87,99.9,99.8,99.88,99.92,99.88,99.93,99.87,99.88
"58",84.72,86.29,86.38,87.33,88.23,89.23,89.91,89.65,90.46,90.22,91.33,92.38,92.09,93.05,93.41,93.53,94.1,94.42,94.32,95.08,94.96,95.11,95.55,95.79,96.23,96.46,96.36,96.85,96.93,96.96,97.04,97.18,97.12,97.46,97.87,97.69,97.82,97.84,98.03,98.1,98.27,98.38,98.29,98.23,98.49,98.58,98.82,98.99,98.76,98.91,98.94,98.69,99.04,99.01,99.22,99.26,99.14,99.37,99.28,99.31,99.31,99.58,99.53,99.49,99.29,99.54,99.54,99.46,99.48,99.55,99.6,99.64,99.64,99.62,99.67,99.73,99.8,99.78,99.71,99.76,99.71,99.79,99.75,99.74,99.83,99.85,99.79,99.75,99.86,99.89,99.84,99.86,99.89,99.84,99.91,99.89,99.88,99.86,99.91,99.95,99.92
"60",85.64,86.07,86.94,87.68,88.61,89.44,89.98,90.3,90.84,92.1,91.56,92.21,92.87,93.01,93.8,93.6,94.17,94.49,94.3,94.76,95.13,95.75,95.86,96.18,96.12,96.77,96.82,96.66,96.89,97.3,97.18,97.24,97.63,97.6,97.61,97.96,97.81,98.27,98.35,98.19,98.34,98.46,98.62,98.59,98.72,98.64,98.76,98.77,99.01,98.84,98.85,99.07,98.99,99.02,99.07,99.39,99.38,99.16,99.28,99.35,99.31,99.4,99.67,99.52,99.5,99.31,99.53,99.6,99.51,99.64,99.58,99.62,99.67,99.66,99.75,99.69,99.72,99.68,99.76,99.76,99.8,99.85,99.75,99.77,99.86,99.76,99.84,99.78,99.86,99.88,99.9,99.9,99.9,99.91,99.93,99.86,99.89,99.86,99.94,99.86,99.87
"62",86.29,87.36,88.25,88.66,89.71,89.38,89.72,90.89,91.66,92.02,92.49,92.97,93.07,93.4,93.92,94.6,94.69,94.75,95.27,95.52,95.48,95.34,96.28,96.22,96.4,96.61,96.67,96.8,96.92,97.46,97.26,97.6,97.44,97.56,97.8,98.03,97.99,98.11,98.22,98.44,98.3,98.34,98.93,98.64,98.69,98.63,98.89,98.86,98.95,99.2,98.96,99.04,99.11,99.11,99.23,99.21,99.28,99.22,99.36,99.26,99.42,99.47,99.58,99.6,99.56,99.61,99.6,99.47,99.65,99.62,99.55,99.65,99.62,99.8,99.66,99.71,99.73,99.82,99.81,99.73,99.78,99.8,99.78,99.8,99.77,99.8,99.81,99.78,99.88,99.88,99.93,99.83,99.87,99.89,99.81,99.87,99.93,99.87,99.92,99.91,99.93
"64",87.12,88.18,88.76,89.4,90.15,90.94,91.3,91.2,91.69,92.54,92.83,93.46,93.5,93.88,94.08,94.48,94.87,95.08,95.5,95.4,96.05,95.54,96.27,96.55,96.6,97.06,96.73,96.87,97.32,97.4,97.67,97.4,97.8,97.83,98.29,97.91,98.09,98.14,98.22,98.43,98.42,98.68,98.59,98.62,98.75,98.8,98.87,99.1,99.05,98.95,99.18,99.17,99.13,99.27,99.27,99.24,99.39,99.22,99.52,99.33,99.43,99.48,99.45,99.5,99.7,99.54,99.58,99.6,99.58,99.66,99.63,99.63,99.72,99.69,99.69,99.75,99.77,99.78,99.74,99.75,99.75,99.81,99.81,99.78,99.84,99.91,99.88,99.82,99.9,99.79,99.81,99.92,99.91,99.9,99.92,99.91,99.91,99.92,99.89,99.87,99.95
"66",88.66,88.44,89.03,90.14,90.39,91.14,91.2,91.82,92.29,93.07,93.08,93.7,93.8,94.05,94.62,95.13,94.63,95.07,95.41,95.58,95.88,96.07,96.35,96.7,96.83,97.06,97.23,97.27,97.3,97.26,97.8,97.41,97.86,98.38,98.11,98.32,98.26,98.6,98.55,98.45,98.67,98.89,98.88,98.73,98.94,99,99,98.95,99.06,99.11,99.15,99.18,99.24,99.15,99.27,99.37,99.36,99.4,99.34,99.44,99.41,99.4,99.28,99.57,99.6,99.5,99.61,99.65,99.64,99.59,99.63,99.78,99.77,99.69,99.69,99.73,99.81,99.84,99.86,99.81,99.79,99.85,99.88,99.8,99.87,99.79,99.85,99.9,99.82,99.93,99.94,99.88,99.91,99.9,99.93,99.92,99.91,99.94,99.93,99.9,99.93
"68",89.76,89.69,89.45,89.95,91.3,91.81,92.24,92.64,92.44,93.46,92.72,94.26,94.17,94.46,94.67,94.9,95.19,95.49,95.89,96.35,95.95,96.64,96.62,96.87,96.94,97.37,97.04,97.39,97.32,97.47,97.61,97.64,98.16,98.07,98.36,98.32,98.13,98.57,98.28,98.45,98.86,98.97,98.66,98.82,98.94,98.98,98.83,99.15,99.11,99.27,99.12,99.25,99.32,99.34,99.22,99.27,99.32,99.49,99.56,99.38,99.48,99.51,99.5,99.56,99.54,99.51,99.56,99.71,99.65,99.7,99.71,99.68,99.68,99.69,99.7,99.79,99.76,99.83,99.72,99.83,99.74,99.84,99.84,99.8,99.92,99.83,99.85,99.87,99.94,99.88,99.85,99.87,99.84,99.87,99.86,99.92,99.92,99.96,99.89,99.91,99.99
"70",89.89,89.95,90.27,91.26,92.07,92.42,92.59,93.05,93.29,93.73,94.04,94.07,94.65,94.9,95.09,95.44,95.31,96.02,95.96,96.28,96.29,96.5,96.74,96.99,97.07,97.3,97.24,97.64,97.86,97.74,97.69,98.11,97.9,98.17,98.24,98.54,98.42,98.6,98.64,98.44,98.65,98.71,98.74,98.93,99.08,98.96,99.13,99.23,99.16,99.25,99.33,99.34,99.3,99.24,99.37,99.51,99.5,99.45,99.42,99.41,99.57,99.56,99.61,99.5,99.66,99.61,99.65,99.7,99.64,99.62,99.76,99.76,99.75,99.7,99.77,99.8,99.68,99.78,99.83,99.87,99.84,99.77,99.89,99.89,99.91,99.83,99.9,99.84,99.9,99.9,99.9,99.92,99.89,99.9,99.84,99.89,99.96,99.94,99.93,99.91,99.92
"72",89.66,90.87,90.94,91.53,91.9,92.5,93.13,92.81,93.39,93.44,94.31,94.75,94.64,95.45,95.39,95.85,95.94,96.29,96.34,96.67,97.01,96.71,96.72,97.21,97.27,97.48,97.61,97.43,97.61,97.85,98.17,98.07,98.09,98.29,98.2,98.37,98.56,98.58,98.62,98.57,98.66,98.71,98.94,98.9,99.03,99.04,99.03,99.25,99.1,99.29,99.23,99.3,99.28,99.27,99.36,99.52,99.5,99.42,99.57,99.53,99.46,99.55,99.7,99.56,99.66,99.51,99.68,99.74,99.85,99.72,99.74,99.64,99.76,99.84,99.77,99.83,99.87,99.85,99.77,99.78,99.74,99.76,99.86,99.92,99.87,99.96,99.86,99.87,99.86,99.95,99.92,99.9,99.91,99.85,99.92,99.89,99.93,99.95,99.95,99.92,99.91
"74",90.68,91.19,91.7,91.96,92.89,92.62,93.46,93.49,93.91,94.23,95.05,94.77,95.27,95.13,95.44,96.06,95.83,96.32,96.38,96.42,96.64,97.01,97.05,97.14,97.29,97.53,97.39,97.75,97.88,98.05,98.01,98.34,98.22,98.48,98.42,98.35,98.77,98.58,98.53,98.65,98.87,98.8,98.98,98.94,99.16,99.04,99.08,99.11,99.27,99.27,99.25,99.43,99.38,99.39,99.43,99.46,99.41,99.53,99.51,99.64,99.63,99.6,99.71,99.62,99.63,99.58,99.78,99.71,99.7,99.69,99.67,99.74,99.73,99.84,99.82,99.78,99.8,99.83,99.77,99.77,99.91,99.88,99.89,99.85,99.94,99.89,99.91,99.88,99.93,99.88,99.91,99.87,99.94,99.96,99.93,99.93,99.87,99.92,99.92,99.94,99.95
"76",91.46,91.25,92.12,92.66,92.69,92.85,93.7,93.75,94.07,94.56,94.42,95.21,95.35,95.83,95.55,95.82,96.42,96.24,96.36,96.93,97.11,97.17,97.19,97.51,97.32,97.51,97.63,97.75,97.87,97.96,97.99,98.4,98.55,98.21,98.43,98.66,98.59,98.79,98.89,98.97,98.78,98.97,99.05,99.02,99.06,99.22,99.21,99.3,99.24,99.27,99.28,99.33,99.4,99.37,99.38,99.59,99.54,99.55,99.53,99.52,99.65,99.6,99.71,99.63,99.67,99.68,99.63,99.77,99.67,99.77,99.79,99.79,99.79,99.77,99.75,99.81,99.78,99.87,99.82,99.81,99.84,99.83,99.89,99.9,99.83,99.91,99.88,99.86,99.95,99.94,99.88,99.9,99.92,99.93,99.93,99.95,99.93,99.94,99.95,99.94,99.93
"78",91.47,91.78,92.05,93.17,92.84,93.9,93.78,94.2,94.55,95.05,95.1,95.38,95.8,95.56,95.98,95.87,96.44,96.86,96.67,96.74,96.86,97.01,97.59,97.26,97.53,97.46,98.1,97.93,98.17,98.21,98.31,98.42,98.42,98.45,98.79,98.58,98.56,98.62,98.76,98.99,98.91,98.86,98.83,98.96,99.21,99.27,99.36,99.34,99.43,99.32,99.41,99.46,99.27,99.53,99.42,99.55,99.38,99.48,99.62,99.66,99.56,99.63,99.63,99.66,99.65,99.74,99.72,99.71,99.72,99.81,99.72,99.69,99.76,99.8,99.74,99.79,99.79,99.82,99.86,99.87,99.89,99.89,99.87,99.92,99.96,99.88,99.88,99.91,99.93,99.88,99.93,99.94,99.88,99.93,99.93,99.9,99.95,99.92,99.95,99.92,99.93
"80",91.85,92.46,92.36,93.07,93.68,94.3,94.18,94.41,94.74,94.93,95.34,95.63,95.84,95.97,95.99,96.27,96.74,96.79,96.8,97.23,97.22,97.06,97.8,97.67,97.56,97.89,97.84,98.05,98.2,98.47,98.24,98.17,98.69,98.51,98.63,98.71,98.88,98.82,98.88,98.88,99.06,99.16,99.06,99.08,99.19,99.15,99.25,99.37,99.57,99.38,99.41,99.46,99.38,99.54,99.5,99.61,99.54,99.66,99.6,99.6,99.73,99.63,99.73,99.78,99.67,99.75,99.73,99.74,99.76,99.75,99.73,99.76,99.81,99.86,99.86,99.85,99.85,99.84,99.9,99.9,99.8,99.84,99.83,99.86,99.94,99.87,99.88,99.88,99.94,99.97,99.88,99.92,99.91,99.95,99.97,99.89,99.93,99.94,99.96,99.93,99.93
"82",92.07,92.72,92.83,93.61,94.08,93.95,94.75,95.08,95,95.25,95.68,95.9,95.83,96.15,96.42,96.41,96.8,97.11,97.03,97.1,97.29,97.48,97.78,97.82,97.93,97.92,97.98,98.23,98.37,98.25,98.28,98.55,98.45,98.78,98.42,98.71,98.86,98.91,99.02,98.95,98.89,98.77,99.16,99.15,99.27,99.26,99.37,99.32,99.4,99.42,99.42,99.32,99.44,99.4,99.64,99.56,99.56,99.59,99.62,99.43,99.71,99.72,99.68,99.68,99.79,99.7,99.79,99.78,99.79,99.75,99.78,99.8,99.84,99.84,99.78,99.88,99.89,99.86,99.83,99.86,99.88,99.87,99.86,99.92,99.92,99.93,99.9,99.92,99.94,99.91,99.93,99.94,99.92,99.97,99.92,99.95,99.92,99.97,99.92,99.95,99.93
"84",92.5,93.08,93.64,93.8,93.89,94.53,94.77,95.04,95.29,95.81,95.61,95.89,95.92,96.7,96.56,96.69,96.91,97.1,97.39,97.52,97.4,97.59,97.73,97.7,97.92,98.03,98.14,98.44,98.36,98.31,98.44,98.61,98.61,98.7,98.95,98.79,98.98,98.95,99.18,98.94,98.95,99.12,99.13,99.22,99.26,99.26,99.4,99.37,99.34,99.51,99.6,99.48,99.65,99.58,99.52,99.64,99.58,99.51,99.69,99.58,99.67,99.65,99.66,99.78,99.59,99.73,99.74,99.8,99.73,99.73,99.73,99.82,99.75,99.83,99.76,99.87,99.91,99.9,99.9,99.91,99.86,99.84,99.86,99.93,99.88,99.88,99.88,99.9,99.88,99.92,99.91,99.92,99.93,99.94,99.93,99.94,99.94,99.94,99.93,99.96,99.96
"86",93.17,93.84,94.28,93.92,94.47,94.99,95.09,95.77,95.24,95.74,96.1,96.3,96.34,97.09,96.67,96.97,97.08,97.04,97.52,97.55,97.8,97.94,97.86,98.04,98.26,98.01,98.27,98.35,98.15,98.32,98.64,98.73,98.67,98.78,98.73,98.77,99.04,99.01,99.14,99.24,99.02,99.11,99.22,99.3,99.3,99.36,99.45,99.45,99.44,99.55,99.38,99.52,99.6,99.63,99.49,99.62,99.53,99.62,99.69,99.55,99.58,99.76,99.7,99.79,99.76,99.64,99.75,99.73,99.73,99.81,99.79,99.84,99.87,99.82,99.84,99.84,99.84,99.9,99.88,99.93,99.86,99.88,99.86,99.86,99.91,99.94,99.86,99.96,99.91,99.88,99.97,99.95,99.96,99.92,99.94,99.97,99.95,99.92,99.95,99.95,99.96
"88",93.1,93.27,94.34,94.57,94.74,94.85,95.79,95.59,95.45,95.62,96,96.57,96.36,96.69,96.88,97.3,97.11,97.45,97.53,97.33,97.62,97.8,97.87,97.95,98.15,98.23,98.29,98.31,98.5,98.44,98.56,98.65,98.51,98.8,98.84,99,99,99.24,99.1,99.22,99.06,99.24,99.26,99.22,99.41,99.29,99.46,99.36,99.59,99.34,99.49,99.47,99.54,99.7,99.43,99.54,99.66,99.69,99.65,99.59,99.69,99.7,99.78,99.77,99.74,99.7,99.84,99.83,99.81,99.8,99.74,99.9,99.88,99.93,99.85,99.84,99.89,99.9,99.88,99.91,99.86,99.88,99.92,99.88,99.9,99.96,99.87,99.95,99.88,99.94,99.94,99.9,99.95,99.95,99.94,99.93,99.93,99.96,99.95,99.99,99.99
"90",93.92,94.32,94.49,95.27,94.9,95.38,95.17,96.01,95.66,96.38,96.52,96.83,96.66,96.85,97.35,97.37,97.48,97.3,97.76,97.67,97.79,97.86,98.05,98.26,98.18,98.47,98.6,98.63,98.78,98.53,98.56,98.85,98.91,99.01,98.81,98.86,99.01,99.02,99.22,99.16,99.24,99.36,99.15,99.41,99.47,99.45,99.38,99.34,99.39,99.59,99.62,99.6,99.53,99.58,99.57,99.77,99.62,99.69,99.79,99.72,99.75,99.7,99.76,99.78,99.76,99.72,99.75,99.78,99.8,99.87,99.88,99.85,99.87,99.9,99.82,99.87,99.88,99.92,99.84,99.85,99.9,99.88,99.85,99.86,99.89,99.94,99.9,99.96,99.89,99.86,99.9,99.9,99.94,99.9,99.97,99.98,99.95,99.99,99.93,99.96,99.98
"92",94.24,94.07,94.36,94.89,95.31,96.09,95.61,96.19,96.55,96.13,96.59,96.65,97.05,97.41,97.27,97.17,97.94,97.64,97.87,98.14,97.87,97.87,98.26,98.13,98.23,98.31,98.51,98.63,98.75,98.61,98.66,98.92,98.83,99.07,98.94,99.13,99,99.28,99.24,99.34,99.31,99.34,99.21,99.34,99.39,99.48,99.49,99.44,99.62,99.54,99.69,99.48,99.59,99.69,99.55,99.6,99.56,99.76,99.66,99.65,99.7,99.68,99.61,99.73,99.7,99.78,99.78,99.79,99.78,99.81,99.83,99.85,99.82,99.86,99.9,99.9,99.87,99.93,99.86,99.89,99.93,99.91,99.89,99.9,99.91,99.9,99.89,99.93,99.94,99.95,99.91,99.97,99.93,99.94,99.96,99.94,99.93,99.92,99.95,99.96,99.98
"94",94.71,94.84,95.31,95.53,95.35,96.32,96.09,96.27,96.5,96.47,96.74,97.02,97.05,97.05,97.56,97.4,97.32,97.85,97.82,97.81,97.91,98.17,98.24,98.56,98.29,98.48,98.38,98.85,98.57,98.71,98.74,99.04,99.1,98.98,99.21,99.18,99.04,99.36,99.18,99.37,99.34,99.41,99.34,99.44,99.27,99.41,99.29,99.59,99.69,99.7,99.62,99.62,99.65,99.65,99.71,99.69,99.74,99.68,99.69,99.77,99.79,99.78,99.74,99.81,99.74,99.83,99.68,99.82,99.85,99.86,99.83,99.91,99.92,99.91,99.86,99.92,99.89,99.94,99.89,99.87,99.9,99.91,99.89,99.93,99.91,99.97,99.93,99.89,99.92,99.93,99.95,99.95,99.91,99.95,99.94,99.94,99.93,99.96,99.96,99.96,99.96
"96",94.72,95.09,95.13,95.53,95.76,96.28,95.95,96.64,96.85,96.61,96.76,97.01,97.34,97.38,97.41,97.48,97.76,97.95,97.71,98.12,98.03,98.16,98.4,98.41,98.49,98.5,98.77,98.88,98.83,98.88,98.79,98.87,98.94,99.02,99.1,99.01,99.11,99.26,99.22,99.37,99.27,99.33,99.45,99.4,99.45,99.51,99.48,99.49,99.56,99.57,99.63,99.52,99.66,99.53,99.69,99.7,99.7,99.64,99.77,99.74,99.75,99.77,99.73,99.67,99.82,99.87,99.76,99.74,99.82,99.84,99.88,99.85,99.78,99.85,99.91,99.85,99.89,99.88,99.88,99.94,99.88,99.9,99.95,99.96,99.92,99.95,99.95,99.94,99.96,99.97,99.9,99.94,99.91,99.93,99.97,99.97,100,99.94,99.97,99.97,99.96
"98",94.9,95.66,95.6,95.97,96.07,96.26,96.47,96.49,96.7,96.85,96.79,97.4,97.44,97.42,97.54,97.93,97.9,97.75,97.99,97.95,98.06,98.49,98.55,98.71,98.67,98.94,98.38,98.87,98.85,98.87,99.09,99.07,99.1,99.27,99.19,99.14,99.07,99.29,99.34,99.5,99.39,99.41,99.32,99.49,99.4,99.58,99.57,99.54,99.53,99.41,99.6,99.66,99.51,99.68,99.57,99.7,99.8,99.77,99.82,99.84,99.75,99.78,99.77,99.76,99.85,99.89,99.79,99.85,99.89,99.84,99.88,99.85,99.82,99.89,99.88,99.9,99.9,99.89,99.91,99.89,99.9,99.93,99.9,99.96,99.88,99.92,99.95,99.99,99.94,99.93,99.97,99.91,99.93,99.97,99.99,99.96,99.97,99.99,99.94,99.94,99.99
"100",95.35,95.57,95.97,96.22,96.54,96.32,96.78,96.88,96.96,97.13,97.25,97.38,97.32,97.65,97.72,98.06,97.93,98.06,98.27,98.23,98.28,98.36,98.55,98.52,98.68,98.85,98.63,98.83,98.85,98.89,99.03,98.93,98.98,99.02,99.11,99.19,99.34,99.31,99.38,99.43,99.36,99.42,99.47,99.43,99.51,99.48,99.52,99.54,99.64,99.61,99.64,99.56,99.66,99.67,99.63,99.68,99.73,99.78,99.75,99.86,99.83,99.79,99.77,99.8,99.87,99.82,99.84,99.89,99.87,99.79,99.86,99.85,99.8,99.82,99.86,99.91,99.89,99.91,99.83,99.93,99.94,99.95,99.91,99.92,99.95,99.91,99.93,99.91,99.89,99.92,99.94,99.87,99.96,99.89,99.95,99.99,99.99,99.96,99.99,99.95,99.97
"102",95.21,96,96.18,96.19,96.35,96.82,96.84,96.94,97.03,97.26,97.92,97.42,97.57,97.93,97.99,98.05,97.79,98.28,98.44,98.4,98.31,98.49,98.78,98.61,98.79,98.79,98.97,98.94,98.89,98.96,98.96,99.25,99.22,99.02,99.23,99.33,99.34,99.15,99.41,99.54,99.37,99.49,99.39,99.45,99.44,99.46,99.66,99.58,99.5,99.62,99.62,99.62,99.55,99.72,99.74,99.78,99.77,99.75,99.69,99.7,99.79,99.8,99.78,99.77,99.76,99.89,99.87,99.89,99.82,99.87,99.94,99.88,99.86,99.88,99.87,99.91,99.89,99.9,99.95,99.89,99.9,99.97,99.92,99.92,99.96,99.97,99.92,99.95,99.88,99.94,99.97,99.93,99.9,99.94,99.96,99.94,99.97,99.99,99.98,99.93,99.97
"104",95.64,96.1,96.39,96.61,96.81,96.67,96.87,97.24,97.07,97.47,97.57,97.69,97.8,97.64,97.89,98.05,98.35,98.04,98.24,98.33,98.56,98.6,98.79,98.84,98.88,98.75,99,98.76,99.16,99.02,99.03,99.14,99.22,99.29,99.41,99.45,99.47,99.53,99.4,99.5,99.41,99.56,99.45,99.51,99.56,99.6,99.63,99.61,99.64,99.68,99.69,99.68,99.69,99.73,99.77,99.69,99.82,99.67,99.74,99.79,99.84,99.78,99.82,99.73,99.83,99.81,99.84,99.84,99.84,99.87,99.89,99.8,99.87,99.91,99.92,99.92,99.82,99.87,99.89,99.94,99.97,99.9,99.91,99.94,99.89,99.93,99.93,99.9,99.92,99.95,99.98,99.98,99.94,99.99,99.94,99.95,99.95,99.96,99.98,99.99,99.95
"106",95.98,96.56,96.74,96.68,96.3,97.05,97.05,97.05,97.36,97.53,97.85,97.85,97.7,97.67,98.07,98.25,98.09,98.3,98.45,98.53,98.65,98.59,98.76,98.69,98.87,99.06,99.12,99.27,99.03,99.11,99.26,99.1,99.14,99.31,99.21,99.22,99.32,99.33,99.42,99.41,99.5,99.42,99.56,99.55,99.55,99.55,99.65,99.64,99.62,99.7,99.71,99.68,99.68,99.72,99.72,99.73,99.78,99.75,99.82,99.81,99.87,99.83,99.82,99.86,99.81,99.73,99.87,99.86,99.87,99.89,99.88,99.87,99.91,99.89,99.91,99.97,99.9,99.88,99.93,99.94,99.95,99.97,99.92,99.97,99.93,99.92,99.88,99.94,99.91,99.99,99.95,99.99,99.92,99.95,99.97,99.98,99.99,100,99.98,99.97,99.94
"108",96.08,96.54,96.85,96.64,97.09,97.29,97.41,97.36,97.59,97.54,97.75,98.03,98.24,97.88,98.25,98.23,98.47,98.48,98.59,98.6,98.72,98.73,99.01,98.97,98.85,98.84,98.92,99.1,99.15,99.11,99.26,99.32,99.22,99.17,99.42,99.35,99.43,99.46,99.52,99.55,99.49,99.46,99.54,99.55,99.57,99.63,99.6,99.53,99.59,99.67,99.68,99.72,99.66,99.74,99.75,99.75,99.73,99.8,99.77,99.73,99.87,99.79,99.85,99.84,99.82,99.89,99.83,99.88,99.91,99.89,99.92,99.89,99.94,99.9,99.91,99.94,99.9,99.97,99.95,99.9,99.93,99.96,99.97,99.95,99.93,99.94,99.92,99.91,99.97,99.98,99.98,99.96,99.99,99.97,99.95,99.96,99.97,99.99,99.95,99.99,99.97
"110",96.65,96.77,96.8,96.88,97.3,97.27,97.43,97.7,97.77,97.94,97.96,98.14,98.03,98.3,98.27,98.33,98.52,98.62,98.68,98.75,98.83,98.45,99.22,99.18,98.92,99,98.95,99.18,99.09,99.19,99.37,99.21,99.38,99.4,99.26,99.45,99.43,99.37,99.51,99.55,99.65,99.56,99.59,99.55,99.66,99.67,99.65,99.57,99.52,99.65,99.71,99.73,99.73,99.71,99.76,99.81,99.8,99.73,99.8,99.88,99.73,99.86,99.81,99.81,99.85,99.83,99.88,99.92,99.88,99.89,99.92,99.9,99.92,99.86,99.88,99.93,99.96,99.89,99.91,99.93,99.92,99.97,99.95,99.93,99.92,99.93,99.97,99.99,99.92,99.93,99.97,99.94,99.96,99.96,99.99,99.96,99.98,99.96,99.93,99.98,99.95
"112",96.86,97.23,96.86,97.02,97.13,97.7,97.57,97.66,97.91,97.76,98.02,98.31,98.23,98.47,98.44,98.42,98.54,98.75,98.74,98.88,98.83,98.83,98.93,98.77,99.07,99.05,99.01,99.14,99.24,99.21,99.22,99.44,99.37,99.41,99.33,99.42,99.41,99.52,99.62,99.58,99.58,99.57,99.55,99.59,99.5,99.68,99.73,99.71,99.72,99.71,99.77,99.8,99.8,99.86,99.69,99.76,99.85,99.75,99.91,99.9,99.85,99.83,99.8,99.82,99.88,99.86,99.86,99.91,99.96,99.88,99.92,99.86,99.89,99.89,99.93,99.97,99.93,99.92,99.92,99.94,99.96,99.98,99.94,99.95,99.99,99.96,99.93,99.97,99.98,99.93,99.96,99.95,99.97,99.98,99.99,99.96,99.98,99.98,99.96,99.95,99.96
"114",96.96,97,97.12,96.9,97.68,97.45,97.61,97.83,98.07,97.74,98.1,98.36,98.28,98.47,98.55,98.67,98.76,98.79,98.84,98.63,99.07,99.04,98.98,98.93,98.99,99,99.08,99.3,99.27,99.34,99.35,99.42,99.39,99.42,99.43,99.51,99.55,99.59,99.53,99.67,99.55,99.44,99.66,99.71,99.64,99.73,99.7,99.69,99.73,99.8,99.79,99.79,99.63,99.8,99.83,99.81,99.79,99.79,99.85,99.82,99.88,99.85,99.84,99.9,99.87,99.84,99.87,99.86,99.91,99.93,99.9,99.91,99.92,99.91,99.95,99.96,99.93,99.93,99.92,99.92,99.95,99.98,99.93,99.94,99.94,99.93,99.95,99.94,99.95,99.97,99.94,99.95,99.96,100,99.97,99.99,100,99.99,99.98,99.98,99.98
"116",97.29,97,97.18,97.38,97.62,97.55,97.58,97.64,97.83,98.08,98.26,98.45,98.46,98.05,98.3,98.53,98.66,98.49,98.67,99.17,98.96,99,99.15,99.08,99.04,99.13,99.31,99.15,99.18,99.23,99.22,99.35,99.46,99.45,99.37,99.39,99.59,99.53,99.56,99.49,99.56,99.67,99.69,99.61,99.7,99.61,99.68,99.67,99.8,99.68,99.69,99.87,99.83,99.83,99.84,99.75,99.88,99.84,99.81,99.8,99.83,99.84,99.84,99.9,99.83,99.81,99.9,99.88,99.89,99.93,99.91,99.85,99.91,99.91,99.92,99.98,99.93,99.97,99.91,99.92,99.89,99.97,99.95,99.98,99.96,99.97,99.95,99.96,99.96,99.97,99.97,99.97,99.98,99.97,99.96,99.95,99.99,99.98,99.98,100,100
"118",97.19,97.25,97.72,97.48,97.73,97.82,98.02,97.8,97.98,98.04,98.43,98.33,98.59,98.47,98.65,98.75,98.63,98.66,99.03,98.93,99.03,99.06,99.01,99.03,99.07,99.16,99.29,99.39,99.29,99.54,99.28,99.4,99.38,99.43,99.49,99.57,99.39,99.57,99.58,99.56,99.57,99.63,99.72,99.71,99.71,99.73,99.64,99.77,99.7,99.78,99.72,99.81,99.84,99.88,99.84,99.83,99.92,99.82,99.88,99.88,99.85,99.81,99.91,99.92,99.87,99.86,99.83,99.91,99.94,99.89,99.92,99.91,99.91,99.92,99.96,99.9,99.96,99.89,99.96,99.97,99.95,99.91,99.94,100,99.96,99.9,99.91,99.96,99.94,99.97,99.94,99.96,99.95,99.98,99.97,99.99,99.98,99.98,99.95,99.99,100
"120",97.32,97.28,97.79,97.43,97.82,97.89,98.02,98.14,98.22,98.38,98.05,98.61,98.48,98.64,98.77,98.78,98.75,98.83,99.14,98.96,99.02,99.2,99.31,99.3,99.1,99.16,99.23,99.16,99.26,99.19,99.45,99.41,99.54,99.54,99.49,99.57,99.57,99.56,99.57,99.63,99.56,99.6,99.7,99.65,99.72,99.64,99.69,99.73,99.73,99.75,99.72,99.87,99.83,99.8,99.76,99.8,99.87,99.82,99.79,99.86,99.87,99.9,99.86,99.91,99.91,99.88,99.9,99.92,99.9,99.9,99.96,99.92,99.86,99.89,99.93,99.92,99.85,99.92,99.91,99.98,99.98,99.94,99.93,99.96,99.94,99.91,99.94,99.94,99.97,99.95,99.96,100,99.96,99.96,99.99,99.97,99.99,99.96,100,99.99,99.99
"122",97.38,97.32,97.74,97.9,97.86,98.02,98.11,98.09,98.26,98.33,98.38,98.56,98.53,98.67,98.59,98.84,98.92,98.8,98.76,98.99,99.02,99.1,99.24,99.34,99.26,99.18,99.27,99.36,99.34,99.59,99.34,99.42,99.56,99.61,99.55,99.5,99.64,99.66,99.62,99.61,99.65,99.61,99.67,99.67,99.67,99.77,99.73,99.78,99.77,99.73,99.8,99.79,99.8,99.82,99.86,99.86,99.86,99.86,99.86,99.86,99.8,99.86,99.9,99.82,99.86,99.93,99.84,99.91,99.9,99.92,99.91,99.97,99.94,99.94,99.95,99.96,99.91,99.95,99.95,99.96,99.94,99.93,99.93,99.95,99.98,99.98,99.94,99.96,99.98,99.95,99.98,99.95,99.96,99.98,99.98,99.97,99.97,99.98,99.97,99.99,99.97
"124",97.62,97.77,97.96,97.79,98.01,98.18,98.46,98.4,98.35,98.59,98.59,98.6,98.68,98.78,98.94,98.84,98.88,98.94,99.09,99.24,99.18,99.07,99.37,99.28,99.23,99.25,99.37,99.4,99.36,99.44,99.54,99.54,99.51,99.66,99.4,99.63,99.63,99.65,99.61,99.7,99.69,99.61,99.76,99.67,99.79,99.79,99.68,99.79,99.76,99.72,99.86,99.75,99.89,99.76,99.9,99.89,99.85,99.9,99.92,99.91,99.86,99.86,99.91,99.9,99.92,99.95,99.9,99.92,99.96,99.93,99.86,99.95,99.91,99.91,99.96,99.93,99.95,99.94,99.93,99.96,99.9,99.93,99.98,99.98,99.97,99.94,99.95,99.98,99.98,99.96,99.95,99.99,99.96,99.99,99.97,99.98,99.99,99.98,99.98,99.98,99.98
"126",97.89,97.91,98.14,98.07,98.08,98.29,98.34,98.47,98.65,98.59,98.71,98.63,98.73,98.64,98.79,98.83,99.16,98.98,99.07,99.03,99.21,99.29,99.38,99.25,99.39,99.43,99.34,99.46,99.52,99.52,99.43,99.52,99.5,99.56,99.67,99.69,99.5,99.73,99.63,99.69,99.58,99.72,99.68,99.74,99.73,99.79,99.73,99.61,99.74,99.75,99.81,99.8,99.78,99.85,99.87,99.91,99.87,99.91,99.9,99.93,99.88,99.89,99.95,99.9,99.94,99.92,99.9,99.94,99.94,99.89,99.92,99.97,99.96,99.93,99.93,99.95,99.96,99.97,99.98,99.97,99.95,99.95,99.98,100,99.95,99.99,99.95,100,99.95,99.99,99.96,99.96,99.97,99.98,99.96,99.97,99.97,99.99,99.97,100,99.99
"128",97.91,98.2,98.18,98.06,98.1,98.35,98.25,98.52,98.38,98.46,98.71,98.72,98.75,98.82,98.63,98.98,99.01,99.06,99.28,99.28,99.04,99.2,99.22,99.36,99.38,99.35,99.5,99.37,99.47,99.34,99.57,99.36,99.57,99.48,99.55,99.66,99.59,99.61,99.67,99.68,99.72,99.78,99.79,99.79,99.67,99.78,99.8,99.81,99.78,99.84,99.83,99.8,99.82,99.83,99.91,99.82,99.85,99.87,99.83,99.85,99.9,99.91,99.82,99.9,99.87,99.91,99.91,99.87,99.96,99.96,99.96,99.94,99.95,99.95,99.95,99.95,99.95,99.95,99.96,99.96,99.98,99.96,99.97,99.96,99.97,99.95,99.97,99.93,99.96,99.95,100,99.96,99.98,100,99.97,99.96,99.98,99.98,100,100,100
"130",97.82,98.17,97.96,98.3,98.39,98.41,98.49,98.47,98.58,98.7,98.87,98.67,98.83,99.1,98.81,99.06,99.1,99.08,99.23,99.27,99.2,99.3,99.34,99.24,99.43,99.36,99.36,99.32,99.46,99.59,99.49,99.62,99.53,99.55,99.51,99.69,99.61,99.58,99.62,99.68,99.77,99.68,99.84,99.83,99.74,99.76,99.76,99.85,99.81,99.76,99.83,99.85,99.91,99.83,99.87,99.83,99.85,99.87,99.81,99.89,99.87,99.89,99.94,99.94,99.88,99.93,99.94,99.93,99.96,99.97,99.93,99.92,99.97,99.92,99.98,99.96,99.93,99.94,99.93,99.97,99.96,99.96,99.99,99.99,99.99,99.97,99.96,99.98,99.98,99.97,100,99.97,99.99,99.98,99.95,100,99.99,99.99,99.98,99.99,99.96
"132",98.05,98.15,98.39,98.16,98.45,98.47,98.61,98.58,98.69,98.91,98.9,98.88,98.84,98.81,98.96,99.07,99.08,99.16,98.98,99.28,99.32,99.32,99.41,99.49,99.49,99.44,99.46,99.59,99.48,99.62,99.53,99.64,99.56,99.56,99.54,99.62,99.61,99.73,99.76,99.63,99.74,99.78,99.81,99.75,99.8,99.78,99.81,99.85,99.8,99.82,99.8,99.87,99.82,99.84,99.87,99.86,99.78,99.91,99.86,99.91,99.84,99.88,99.93,99.88,99.9,99.92,99.93,99.96,99.92,99.95,99.9,99.9,99.92,99.95,99.96,99.92,99.96,99.97,99.95,99.9,99.94,99.94,99.96,99.97,99.98,99.95,99.95,99.98,99.98,99.97,99.97,99.96,99.97,99.98,99.94,99.99,99.99,99.99,99.97,100,100
"134",98.16,98.16,98.17,98.57,98.49,98.54,98.59,98.67,98.75,98.83,98.84,98.81,99.02,99.18,99.15,99.22,99.11,99.32,99.26,99.17,99.31,99.28,99.34,99.38,99.48,99.57,99.6,99.59,99.51,99.55,99.58,99.63,99.64,99.61,99.55,99.67,99.71,99.73,99.68,99.71,99.74,99.8,99.77,99.78,99.76,99.81,99.83,99.87,99.8,99.88,99.79,99.87,99.88,99.93,99.85,99.86,99.89,99.91,99.82,99.91,99.92,99.96,99.91,99.94,99.9,99.96,99.89,99.94,99.96,99.9,99.94,99.96,99.96,99.96,99.93,99.95,99.94,99.96,99.98,99.96,99.96,99.95,99.98,99.95,99.96,99.98,99.98,99.96,99.99,99.98,99.99,99.98,99.99,100,99.99,99.98,99.98,99.99,100,100,99.99
"136",98.37,98.1,98.06,98.51,98.45,98.63,98.7,98.72,98.79,98.98,98.83,98.8,98.98,99.09,98.98,99.16,99.14,99.35,99.12,99.36,99.44,99.32,99.31,99.53,99.55,99.51,99.45,99.62,99.63,99.56,99.65,99.58,99.59,99.6,99.71,99.67,99.65,99.75,99.78,99.79,99.71,99.84,99.79,99.72,99.78,99.83,99.88,99.86,99.8,99.83,99.83,99.87,99.82,99.82,99.92,99.83,99.89,99.87,99.92,99.9,99.91,99.87,99.91,99.91,99.9,99.97,99.96,99.89,99.91,99.96,99.94,99.95,99.97,99.96,99.96,99.96,99.94,99.98,99.97,99.93,99.93,99.96,99.97,99.94,99.98,99.99,99.97,99.99,99.98,99.98,99.98,99.99,99.98,99.97,99.98,100,99.98,99.98,100,99.99,99.97
"138",98.38,98.54,98.39,98.57,98.86,98.84,98.82,98.79,98.98,98.84,98.87,99,99.21,99.15,99.3,99.17,99.41,99.32,99.33,99.2,99.38,99.28,99.39,99.54,99.55,99.35,99.48,99.51,99.58,99.57,99.47,99.64,99.59,99.74,99.69,99.7,99.78,99.64,99.81,99.74,99.74,99.89,99.75,99.86,99.84,99.86,99.84,99.85,99.79,99.77,99.82,99.85,99.91,99.91,99.88,99.9,99.88,99.82,99.92,99.89,99.94,99.9,99.87,99.92,99.91,99.96,99.97,99.96,99.95,99.97,99.95,99.93,99.95,99.93,99.97,99.95,99.96,99.96,99.95,99.99,99.96,99.99,99.98,99.98,99.96,99.99,99.98,99.98,99.96,99.98,99.99,99.99,100,99.99,99.97,100,99.95,99.96,99.99,100,99.98
"140",98.21,98.28,98.47,98.89,98.73,98.75,98.83,98.85,99.03,99.16,98.82,99.26,99.11,99.18,99.29,99.3,99.27,99.4,99.35,99.53,99.39,99.5,99.44,99.58,99.48,99.44,99.65,99.59,99.5,99.5,99.72,99.72,99.66,99.62,99.54,99.83,99.72,99.74,99.67,99.75,99.81,99.75,99.76,99.74,99.83,99.8,99.84,99.87,99.91,99.87,99.87,99.91,99.81,99.87,99.92,99.92,99.9,99.91,99.89,99.94,99.87,99.92,99.95,99.93,99.92,99.92,99.96,99.95,99.93,99.9,99.94,99.92,99.94,99.94,99.97,99.96,99.96,99.96,99.98,99.95,99.95,99.97,99.98,99.96,99.96,99.98,99.98,100,100,100,99.96,99.99,99.97,99.99,100,99.99,99.98,99.97,99.99,99.99,100
"142",98.64,98.55,98.61,98.87,98.91,98.87,98.72,98.85,98.89,98.93,99.08,99.13,99.14,99.13,99.32,99.17,99.39,99.47,99.38,99.45,99.46,99.5,99.55,99.48,99.58,99.5,99.64,99.69,99.6,99.63,99.66,99.72,99.69,99.76,99.77,99.8,99.8,99.79,99.74,99.79,99.8,99.84,99.81,99.81,99.8,99.88,99.92,99.78,99.84,99.82,99.87,99.94,99.91,99.95,99.91,99.93,99.87,99.88,99.94,99.94,99.89,99.92,99.95,99.9,99.96,99.96,99.96,99.91,99.96,99.99,99.97,99.9,99.95,99.95,99.97,99.98,99.96,99.96,99.97,99.96,99.97,99.98,99.96,99.97,99.99,99.93,99.99,99.97,99.99,99.95,99.99,99.97,99.97,99.99,99.97,99.97,99.97,100,99.99,99.99,99.99
"144",98.47,98.77,98.45,98.74,98.81,98.92,98.85,99.11,99,99.12,99.27,99.05,99.06,99.21,99.25,99.32,99.21,99.34,99.41,99.41,99.29,99.44,99.43,99.53,99.53,99.6,99.64,99.66,99.54,99.71,99.67,99.76,99.59,99.72,99.79,99.74,99.71,99.76,99.76,99.79,99.83,99.82,99.8,99.83,99.84,99.85,99.78,99.85,99.87,99.87,99.93,99.94,99.88,99.93,99.91,99.92,99.97,99.94,99.92,99.92,99.9,99.96,99.94,99.95,99.92,99.97,99.92,99.96,99.94,99.94,99.95,99.96,99.97,99.97,99.98,99.95,99.98,99.96,99.97,99.99,99.94,99.98,99.96,100,99.98,99.96,99.98,99.96,99.99,100,99.98,100,99.97,99.99,100,99.97,99.98,99.99,99.97,99.98,99.99
"146",98.61,98.63,98.78,98.84,98.96,98.95,98.86,98.88,99.08,99.26,99.28,99.18,99.34,99.28,99.3,99.32,99.26,99.31,99.45,99.46,99.47,99.62,99.55,99.58,99.62,99.51,99.7,99.64,99.72,99.63,99.64,99.7,99.71,99.77,99.73,99.73,99.75,99.81,99.82,99.79,99.86,99.83,99.89,99.84,99.89,99.89,99.9,99.85,99.87,99.9,99.93,99.9,99.89,99.88,99.93,99.91,99.9,99.92,99.92,99.94,99.94,99.94,99.94,99.95,99.94,99.93,99.94,99.97,99.96,99.97,99.96,99.96,99.97,99.94,99.94,99.97,99.98,99.95,99.97,99.99,99.95,99.98,99.97,99.98,99.99,100,99.97,100,99.97,99.99,99.95,99.98,99.99,99.99,99.97,99.97,100,99.99,99.98,99.99,100
"148",98.81,98.8,98.93,98.84,99.1,99.02,98.95,99.11,99.18,99.16,99.31,99.16,99.32,99.43,99.36,99.39,99.4,99.45,99.56,99.45,99.61,99.62,99.58,99.54,99.59,99.62,99.67,99.7,99.75,99.66,99.74,99.74,99.61,99.7,99.7,99.81,99.85,99.81,99.76,99.8,99.78,99.87,99.81,99.85,99.86,99.88,99.85,99.92,99.87,99.9,99.92,99.85,99.9,99.91,99.88,99.89,99.93,99.88,99.95,99.94,99.94,99.99,99.93,99.93,99.93,99.94,99.98,99.96,99.95,99.95,99.92,99.93,99.97,99.95,99.91,99.98,99.98,99.97,99.97,99.96,99.94,99.98,100,100,99.99,99.97,99.98,99.97,99.99,100,99.99,99.99,99.99,100,100,99.99,100,99.99,99.98,100,100
"150",98.58,98.82,98.86,98.85,98.91,99.06,99.13,99.05,99.18,99.13,99.31,99.29,99.31,99.31,99.43,99.42,99.4,99.44,99.47,99.55,99.57,99.63,99.6,99.67,99.64,99.56,99.68,99.72,99.73,99.74,99.67,99.72,99.81,99.75,99.72,99.73,99.79,99.76,99.88,99.85,99.84,99.83,99.84,99.86,99.89,99.85,99.89,99.87,99.89,99.92,99.93,99.93,99.86,99.94,99.93,99.94,99.93,99.87,99.89,99.98,99.94,99.95,99.96,99.94,99.97,99.97,99.96,99.89,99.92,99.97,99.94,99.94,99.96,99.94,100,99.98,99.96,99.94,99.99,99.98,99.96,99.97,99.99,99.98,99.99,99.98,99.97,100,99.97,99.98,99.98,99.98,99.97,99.98,100,99.98,99.99,99.99,99.99,99.99,99.98
"152",98.83,98.72,98.92,98.9,98.98,99.05,99.12,99.15,99.1,99.28,99.23,99.34,99.25,99.24,99.46,99.28,99.4,99.62,99.53,99.52,99.64,99.64,99.61,99.71,99.57,99.67,99.74,99.65,99.73,99.82,99.67,99.75,99.76,99.79,99.76,99.75,99.75,99.76,99.82,99.81,99.86,99.84,99.88,99.88,99.87,99.86,99.88,99.89,99.88,99.95,99.85,99.95,99.91,99.9,99.9,99.95,99.93,99.94,99.93,99.96,99.96,99.91,99.89,99.94,99.92,99.95,99.96,99.91,99.95,99.97,99.99,99.98,99.95,99.93,99.96,99.98,99.97,99.97,99.96,99.99,99.94,100,99.94,99.98,99.96,99.99,99.97,99.96,99.99,99.99,99.99,99.98,99.96,99.99,99.99,100,99.99,99.97,100,100,99.98
"154",98.68,98.93,98.97,99,99.13,99.22,99.12,99.4,99.29,99.26,99.09,99.2,99.32,99.46,99.41,99.51,99.45,99.55,99.51,99.6,99.57,99.64,99.6,99.66,99.67,99.67,99.69,99.61,99.75,99.71,99.71,99.82,99.79,99.74,99.74,99.8,99.84,99.83,99.84,99.83,99.79,99.81,99.83,99.85,99.87,99.89,99.9,99.9,99.89,99.86,99.85,99.84,99.93,99.9,99.9,99.92,99.93,99.94,99.92,99.92,99.9,99.92,99.93,99.95,99.96,99.96,99.93,99.99,99.96,99.91,99.98,99.95,99.96,100,99.98,99.95,99.96,99.98,99.96,99.99,99.99,99.96,99.97,99.97,99.98,99.99,99.98,99.99,99.98,99.99,100,100,99.99,100,100,99.99,99.99,100,99.99,99.99,99.99
"156",99.14,98.99,99.2,99.2,99.03,99.1,99.07,99.47,99.09,99.28,99.25,99.41,99.43,99.5,99.45,99.57,99.58,99.58,99.55,99.66,99.54,99.68,99.67,99.77,99.66,99.74,99.78,99.72,99.79,99.67,99.79,99.79,99.78,99.85,99.82,99.81,99.9,99.77,99.82,99.87,99.83,99.86,99.79,99.89,99.91,99.89,99.87,99.9,99.87,99.86,99.94,99.92,99.99,99.89,99.93,99.92,99.96,99.91,99.9,99.94,99.95,99.95,99.95,99.94,99.94,99.96,99.96,99.95,99.98,99.98,99.95,99.96,99.98,99.95,99.98,99.97,99.98,99.95,99.98,99.95,99.97,99.99,99.99,99.95,99.98,99.97,100,100,100,99.98,99.97,99.99,99.95,99.97,99.99,99.98,99.98,100,99.97,99.97,99.98
"158",99.17,99.07,99.22,99.17,99.17,99.16,99.24,99.14,99.36,99.28,99.48,99.48,99.39,99.54,99.47,99.54,99.5,99.48,99.56,99.63,99.79,99.65,99.7,99.69,99.78,99.74,99.73,99.69,99.77,99.84,99.82,99.77,99.82,99.78,99.78,99.84,99.88,99.83,99.78,99.9,99.83,99.88,99.86,99.88,99.89,99.9,99.92,99.9,99.93,99.92,99.86,99.94,99.93,99.92,99.95,99.96,99.89,99.87,99.93,99.92,99.93,99.92,99.99,99.94,100,99.98,99.94,99.97,99.97,99.98,99.98,99.99,99.96,99.97,99.98,99.95,99.99,99.99,99.97,99.97,99.97,99.96,99.99,99.99,99.98,99.98,99.99,99.97,99.99,100,100,99.98,99.97,99.99,99.99,99.98,99.98,99.99,99.99,100,100
"160",98.96,99.12,99.08,99.21,99.18,99.18,99.17,99.23,99.15,99.23,99.47,99.55,99.54,99.57,99.54,99.6,99.5,99.59,99.62,99.58,99.53,99.6,99.67,99.69,99.7,99.62,99.79,99.81,99.78,99.76,99.73,99.78,99.83,99.8,99.85,99.8,99.86,99.86,99.84,99.83,99.87,99.82,99.82,99.86,99.95,99.84,99.86,99.9,99.91,99.92,99.9,99.94,99.89,99.96,99.95,99.92,100,99.9,99.9,99.98,99.93,99.94,99.99,99.96,99.94,99.96,99.96,99.95,99.96,99.97,99.98,99.97,99.97,99.99,99.98,99.98,100,99.98,99.96,99.95,99.95,99.97,99.99,99.99,100,99.99,99.98,99.99,99.99,99.99,99.99,99.98,99.99,100,99.99,99.99,99.99,99.99,100,100,99.99
"162",99.27,99.02,99.13,99.17,99.15,99.41,99.36,99.31,99.34,99.42,99.47,99.43,99.59,99.55,99.57,99.6,99.57,99.48,99.55,99.65,99.7,99.76,99.75,99.71,99.7,99.73,99.75,99.74,99.77,99.7,99.74,99.86,99.84,99.81,99.86,99.85,99.8,99.82,99.87,99.83,99.83,99.92,99.83,99.95,99.9,99.86,99.91,99.9,99.94,99.92,99.97,99.92,99.92,99.93,99.92,99.96,99.94,99.92,99.98,99.91,99.93,99.94,99.92,99.94,99.93,99.94,99.94,99.91,100,99.95,99.96,99.98,99.99,99.98,99.99,99.95,99.99,99.96,99.98,99.99,99.99,99.98,100,99.98,99.99,99.96,99.99,99.98,99.99,100,100,99.98,99.98,99.97,99.98,100,99.98,100,100,99.99,100
"164",99.26,99.06,99.23,99.25,99.21,99.36,99.4,99.37,99.48,99.47,99.38,99.47,99.62,99.61,99.44,99.49,99.63,99.62,99.72,99.64,99.75,99.7,99.58,99.78,99.83,99.76,99.73,99.87,99.85,99.8,99.76,99.8,99.87,99.86,99.84,99.85,99.87,99.91,99.83,99.91,99.89,99.93,99.84,99.9,99.86,99.89,99.93,99.93,99.94,99.93,99.9,99.91,99.94,99.93,99.89,99.92,99.95,99.97,99.94,99.91,99.97,99.97,99.94,99.94,99.93,99.98,99.96,99.98,99.96,99.97,99.97,99.97,99.99,99.98,99.99,99.97,99.97,99.97,99.97,99.99,99.98,99.98,100,99.97,99.99,99.99,99.99,99.98,99.98,99.99,99.98,99.99,99.99,100,99.96,99.99,99.99,99.99,99.98,99.99,99.99
"166",99.24,99.24,99.2,99.3,99.44,99.36,99.39,99.38,99.51,99.31,99.52,99.62,99.44,99.57,99.57,99.6,99.61,99.69,99.59,99.71,99.78,99.81,99.73,99.73,99.72,99.77,99.71,99.79,99.8,99.77,99.84,99.76,99.86,99.86,99.86,99.81,99.82,99.84,99.88,99.92,99.85,99.81,99.91,99.82,99.85,99.9,99.93,99.91,99.93,99.95,99.93,99.9,99.96,99.94,99.92,99.98,99.9,99.95,99.94,99.93,99.97,99.92,99.95,99.97,100,99.99,99.98,99.95,99.97,99.96,99.95,99.99,99.98,99.97,99.98,99.98,99.97,99.98,99.99,100,99.98,99.99,99.99,99.97,99.98,100,100,99.99,99.99,99.99,100,99.99,100,100,99.98,99.99,99.99,99.98,100,100,99.98
"168",99.3,99.24,99.29,99.18,99.31,99.25,99.38,99.4,99.48,99.57,99.6,99.46,99.58,99.55,99.62,99.62,99.65,99.49,99.65,99.64,99.73,99.72,99.69,99.73,99.76,99.79,99.81,99.85,99.81,99.8,99.89,99.89,99.84,99.8,99.76,99.83,99.76,99.86,99.86,99.85,99.9,99.82,99.89,99.9,99.92,99.9,99.93,99.88,99.92,99.94,99.9,99.95,99.94,99.91,99.91,99.9,99.97,99.96,99.98,99.89,99.97,99.97,99.97,99.92,99.99,99.96,99.99,99.97,99.98,99.99,100,99.97,99.96,99.98,99.98,99.94,99.98,99.98,99.98,99.99,99.99,99.97,99.98,99.99,99.99,99.99,99.99,99.99,99.99,100,99.97,99.98,100,99.99,99.99,99.99,100,100,99.99,100,100
"170",99.06,99.24,99.32,99.39,99.43,99.49,99.41,99.53,99.44,99.55,99.59,99.57,99.56,99.51,99.63,99.53,99.61,99.75,99.72,99.67,99.78,99.72,99.72,99.59,99.77,99.82,99.72,99.78,99.8,99.72,99.87,99.82,99.87,99.88,99.87,99.87,99.85,99.88,99.94,99.92,99.91,99.93,99.93,99.89,99.9,99.93,99.96,99.88,99.92,99.91,99.93,99.94,99.98,99.98,99.92,99.92,99.96,99.97,99.94,99.95,99.91,99.98,99.99,99.97,99.96,99.97,99.96,99.98,99.93,99.98,99.98,99.98,99.97,99.98,99.99,99.98,99.99,99.98,99.98,100,100,100,99.97,99.98,99.98,100,99.99,100,99.98,99.97,99.99,99.99,99.97,99.99,99.99,99.99,99.98,99.99,100,99.99,100
"172",99.25,99.2,99.41,99.35,99.56,99.54,99.42,99.48,99.52,99.53,99.59,99.64,99.64,99.6,99.77,99.59,99.67,99.77,99.72,99.69,99.75,99.82,99.76,99.72,99.73,99.84,99.82,99.77,99.86,99.76,99.79,99.82,99.84,99.88,99.86,99.89,99.92,99.92,99.89,99.85,99.92,99.89,99.94,99.92,99.92,99.91,99.97,99.9,99.91,99.95,99.94,99.92,99.96,99.95,99.96,99.9,99.94,99.94,99.95,99.97,99.95,99.97,99.98,99.99,99.95,99.95,99.99,99.94,99.98,100,99.98,99.96,99.99,99.99,99.99,99.99,99.97,99.99,99.96,99.95,100,99.95,99.98,100,99.96,99.97,99.97,100,100,99.99,100,99.99,100,100,99.97,99.98,99.99,100,100,100,100
"174",99.27,99.45,99.31,99.46,99.48,99.55,99.41,99.56,99.55,99.58,99.57,99.65,99.61,99.63,99.63,99.75,99.65,99.67,99.79,99.78,99.84,99.82,99.86,99.8,99.83,99.86,99.79,99.88,99.77,99.85,99.9,99.89,99.85,99.89,99.89,99.84,99.89,99.89,99.83,99.85,99.92,99.95,99.89,99.88,99.94,99.97,99.9,99.94,99.91,99.92,99.91,99.95,99.95,99.97,99.96,99.94,99.96,99.94,99.95,99.94,99.95,99.98,99.96,99.99,99.99,99.94,99.97,99.98,99.99,99.97,99.99,99.98,100,99.97,100,99.99,100,99.98,99.98,100,99.99,100,100,100,100,99.97,100,99.99,99.99,99.99,99.96,99.98,99.99,99.99,100,100,100,100,100,99.99,99.99
"176",99.39,99.41,99.48,99.57,99.47,99.57,99.44,99.62,99.74,99.77,99.68,99.52,99.63,99.67,99.71,99.76,99.75,99.73,99.63,99.75,99.8,99.65,99.81,99.8,99.8,99.84,99.87,99.84,99.83,99.82,99.9,99.91,99.84,99.87,99.9,99.84,99.87,99.86,99.87,99.9,99.96,99.89,99.94,99.92,99.92,99.92,99.93,99.93,99.91,99.98,99.95,99.95,99.93,99.91,99.96,99.97,99.92,99.98,99.93,99.92,99.94,99.99,99.99,99.96,99.98,99.95,99.96,99.98,99.96,99.98,99.93,99.98,99.98,99.98,99.95,99.98,99.99,99.99,99.99,100,99.99,99.99,99.99,99.99,99.98,99.98,100,99.98,100,99.98,99.99,99.99,99.99,100,99.99,99.98,100,100,99.99,100,99.99
"178",99.32,99.38,99.33,99.58,99.52,99.59,99.65,99.47,99.5,99.6,99.63,99.76,99.71,99.66,99.7,99.68,99.75,99.68,99.74,99.71,99.85,99.79,99.84,99.76,99.79,99.84,99.72,99.85,99.82,99.81,99.85,99.83,99.84,99.93,99.89,99.84,99.9,99.9,99.86,99.92,99.91,99.93,99.92,99.89,99.91,99.95,99.93,99.96,99.95,99.95,99.94,99.95,99.9,99.91,99.93,99.94,99.96,99.97,99.98,99.95,99.96,100,99.98,99.98,99.93,99.96,99.96,99.98,99.98,100,99.96,100,99.98,99.98,99.99,99.98,99.99,99.99,99.98,99.99,99.99,99.97,99.99,100,99.99,100,100,100,100,100,99.99,100,100,100,100,99.99,99.99,100,100,99.98,100
"180",99.4,99.53,99.55,99.48,99.52,99.47,99.56,99.51,99.61,99.64,99.58,99.7,99.61,99.72,99.79,99.71,99.72,99.78,99.77,99.74,99.83,99.81,99.82,99.76,99.88,99.81,99.88,99.88,99.86,99.83,99.92,99.9,99.86,99.87,99.9,99.9,99.92,99.88,99.93,99.87,99.93,99.93,99.94,99.89,99.93,99.97,99.94,99.93,99.92,99.89,99.94,99.96,99.99,99.91,99.94,99.99,99.95,99.98,99.93,99.97,99.96,99.96,99.96,100,99.99,99.99,99.99,99.97,99.97,99.94,99.98,99.96,99.95,99.98,99.99,99.97,100,99.98,99.95,99.99,99.97,99.99,99.99,99.99,99.98,100,99.99,100,100,99.99,99.99,99.98,99.99,99.99,100,100,100,99.97,99.98,100,100
"182",99.37,99.54,99.5,99.56,99.57,99.58,99.63,99.53,99.58,99.64,99.65,99.59,99.59,99.74,99.86,99.77,99.7,99.81,99.67,99.78,99.84,99.8,99.85,99.82,99.84,99.87,99.78,99.82,99.91,99.88,99.91,99.95,99.88,99.89,99.94,99.9,99.89,99.91,99.94,99.94,99.88,99.92,99.97,99.93,99.92,99.96,99.99,99.95,99.97,99.98,99.93,99.94,99.96,99.95,99.99,99.97,99.94,99.96,99.99,99.98,99.96,99.96,99.9,99.98,99.95,99.98,99.99,99.96,99.97,99.99,99.97,99.98,100,100,99.98,100,99.98,99.99,99.98,100,100,99.99,100,100,99.99,99.99,99.99,99.99,100,99.98,99.98,100,99.99,99.99,100,99.99,99.99,99.99,100,100,100
"184",99.52,99.49,99.42,99.58,99.52,99.72,99.68,99.63,99.66,99.77,99.69,99.62,99.75,99.73,99.77,99.75,99.76,99.76,99.76,99.82,99.85,99.85,99.72,99.76,99.83,99.83,99.88,99.87,99.84,99.9,99.88,99.88,99.87,99.85,99.89,99.93,99.87,99.94,99.84,99.92,99.86,99.94,99.93,99.88,99.93,99.98,99.93,99.93,99.96,99.95,99.93,99.98,99.95,99.93,99.97,99.94,99.98,99.98,99.98,99.98,99.99,99.93,99.99,99.96,99.99,100,100,99.97,99.98,99.97,99.99,99.97,99.97,99.98,99.97,99.99,100,99.97,100,99.98,100,100,99.99,99.98,99.98,100,99.99,99.98,100,99.98,100,99.98,99.99,100,99.97,100,100,99.99,100,99.98,100
"186",99.38,99.59,99.62,99.54,99.64,99.59,99.64,99.61,99.57,99.8,99.67,99.73,99.69,99.73,99.76,99.76,99.72,99.76,99.77,99.74,99.76,99.86,99.8,99.87,99.82,99.84,99.86,99.82,99.92,99.86,99.88,99.9,99.89,99.88,99.91,99.94,99.94,99.9,99.89,99.89,99.95,99.89,99.94,99.92,99.93,99.97,99.95,99.96,99.94,99.93,99.93,99.98,99.97,99.98,99.96,99.95,99.98,99.96,99.97,99.98,99.99,99.99,99.99,99.98,99.95,99.98,99.99,99.96,99.98,99.98,99.97,99.97,99.98,100,99.97,100,99.97,99.97,99.99,99.98,99.99,100,100,100,100,99.99,99.99,99.99,99.99,99.98,99.99,99.99,99.99,100,99.99,100,100,100,100,100,100
"188",99.54,99.56,99.58,99.69,99.73,99.63,99.74,99.57,99.65,99.62,99.71,99.72,99.78,99.7,99.73,99.76,99.82,99.83,99.76,99.84,99.8,99.85,99.91,99.83,99.9,99.85,99.95,99.83,99.83,99.9,99.94,99.95,99.91,99.93,99.93,99.91,99.9,99.92,99.95,99.96,99.94,99.95,99.93,99.96,99.97,99.88,99.94,99.96,99.93,99.96,99.94,99.95,99.98,99.96,99.97,99.97,99.95,99.98,99.97,99.98,99.99,99.98,99.98,99.97,99.98,100,99.99,99.99,99.99,99.98,99.97,99.96,99.98,99.99,99.94,99.99,99.98,99.99,99.98,99.99,99.99,99.99,99.99,100,100,100,99.99,100,99.99,100,100,100,100,100,99.99,100,100,99.99,100,100,100
"190",99.56,99.54,99.66,99.59,99.65,99.53,99.73,99.7,99.62,99.72,99.75,99.7,99.82,99.76,99.77,99.74,99.75,99.79,99.87,99.88,99.86,99.87,99.77,99.92,99.73,99.88,99.85,99.89,99.91,99.87,99.82,99.86,99.87,99.98,99.94,99.89,99.9,99.94,99.94,99.94,99.97,99.91,99.95,99.94,99.95,99.98,99.93,99.94,99.98,99.98,99.95,99.94,99.94,99.99,99.97,99.99,99.97,99.95,99.96,99.98,99.99,99.97,99.95,99.97,100,99.96,99.99,99.98,99.99,99.99,99.99,99.98,99.99,100,99.97,99.98,99.99,99.98,99.99,99.99,100,99.98,100,99.98,99.99,99.99,100,100,99.99,99.99,100,100,99.98,100,99.99,99.99,100,100,100,99.97,100
"192",99.62,99.54,99.54,99.54,99.73,99.67,99.64,99.67,99.74,99.72,99.75,99.8,99.75,99.71,99.74,99.8,99.79,99.79,99.81,99.83,99.84,99.86,99.84,99.85,99.81,99.85,99.85,99.94,99.9,99.91,99.88,99.93,99.9,99.92,99.93,99.95,99.9,99.94,99.95,99.91,99.93,99.94,99.95,99.98,99.97,99.97,99.94,99.94,99.96,99.92,99.97,99.97,99.98,99.93,99.97,99.97,99.99,99.95,99.98,99.99,99.98,99.96,100,99.99,99.96,99.97,99.99,100,99.98,100,99.99,99.99,100,99.97,99.98,100,99.97,99.98,99.99,99.99,99.99,100,100,99.99,99.96,100,100,100,99.99,100,100,100,99.99,99.99,100,100,100,100,100,99.97,100
"194",99.66,99.52,99.71,99.66,99.7,99.59,99.77,99.76,99.68,99.74,99.75,99.78,99.76,99.78,99.76,99.77,99.88,99.85,99.85,99.77,99.88,99.87,99.83,99.84,99.85,99.89,99.9,99.9,99.94,99.92,99.94,99.86,99.91,99.94,99.94,99.95,99.94,99.92,99.94,99.93,99.92,99.97,99.96,99.91,99.98,99.91,99.99,99.92,99.89,99.97,99.96,99.98,99.93,99.95,99.98,99.99,99.97,99.93,99.95,99.99,99.98,99.99,99.98,99.98,99.99,99.99,99.98,99.97,99.99,99.98,99.98,99.98,100,100,99.99,99.98,100,100,99.97,99.97,100,100,100,100,100,100,100,99.98,100,100,100,100,99.99,100,100,100,100,99.99,99.99,100,100
"196",99.51,99.56,99.69,99.62,99.66,99.68,99.67,99.66,99.69,99.78,99.77,99.69,99.69,99.77,99.83,99.88,99.86,99.81,99.83,99.79,99.89,99.82,99.85,99.86,99.86,99.88,99.93,99.9,99.93,99.93,99.93,99.91,99.89,99.88,99.91,99.94,99.91,99.92,99.96,99.97,99.97,99.96,99.96,99.9,99.98,99.98,99.93,99.9,99.93,99.95,99.97,99.95,99.96,99.97,99.98,99.97,99.98,99.97,99.97,99.98,100,99.97,99.97,99.98,100,99.99,99.98,99.97,99.98,99.95,99.99,99.99,99.98,99.99,99.99,99.99,99.97,100,99.99,99.99,99.99,100,100,100,99.99,100,100,100,99.98,99.99,100,100,99.99,99.99,100,100,100,100,100,99.99,100
"198",99.61,99.7,99.7,99.65,99.66,99.7,99.7,99.67,99.63,99.78,99.72,99.76,99.82,99.72,99.76,99.87,99.8,99.9,99.83,99.92,99.89,99.85,99.85,99.84,99.94,99.87,99.87,99.94,99.94,99.9,99.95,99.99,99.91,99.95,99.92,99.93,99.92,99.91,99.97,99.94,99.96,99.94,99.99,99.94,99.97,99.97,99.99,99.93,99.96,99.98,99.97,99.99,99.99,99.99,99.97,99.98,99.95,99.97,99.97,100,100,99.98,99.99,99.99,99.99,99.98,100,100,99.98,100,99.96,99.98,100,99.98,99.99,99.99,99.99,100,99.98,100,100,99.99,100,100,100,99.99,99.99,100,99.98,100,100,99.99,100,99.99,99.99,99.99,100,99.99,99.99,100,100
"200",99.65,99.64,99.72,99.69,99.82,99.74,99.75,99.83,99.7,99.72,99.73,99.74,99.82,99.85,99.8,99.79,99.93,99.77,99.88,99.87,99.88,99.86,99.84,99.83,99.92,99.85,99.93,99.94,99.9,99.95,99.94,99.91,99.98,99.91,99.92,99.9,99.97,99.99,99.94,99.95,99.92,99.94,99.95,99.93,99.97,99.96,99.97,99.97,99.95,99.98,99.97,99.98,99.93,99.99,99.99,99.98,99.96,99.98,99.96,99.98,99.99,100,99.99,100,99.97,99.99,99.98,99.97,99.96,99.97,99.98,99.99,99.99,99.98,99.99,99.99,99.98,100,100,99.99,99.99,100,99.99,99.99,99.99,99.99,100,99.97,99.98,99.99,100,100,99.99,99.99,100,100,99.99,100,99.99,100,100
